uuid	patent_id	section_id	subsection_id	group_id	subgroup_id	category	sequence
w75uqbz5sanvuh9okis0agfua	3930271	A	A63	A63B	A63B71/146	inventional	0
dd4gfh9jtii1nqhdfeg98ds6k	3930272	A	A47	A47D	A47D7/02	inventional	0
q9coxsg0ftk3wmfvc3qzui6nv	3930272	Y	Y10	Y10T	Y10T403/32451	additional	1
kipc1wpll4cdk14v62fgbnkat	3930273	A	A61	A61G	A61G7/0507	inventional	0
0q4yaa0tal86xabjdj9j3vxcx	3930273	A	A61	A61G	A61G7/0509	inventional	1
x7xcx42g4bbj5kiau7wb0os11	3930274	B	B63	B63B	B63B7/085	inventional	0
s6fwxbddqdtpac35y3rjh1brb	3930275	A	A43	A43D	A43D8/08	inventional	0
rqpglwettxoj2ytjov96jz9mm	3930275	A	A43	A43B	A43B3/103	inventional	1
1xkgdj882gmo8p26ld5odg6u4	3930275	A	A43	A43B	A43B3/106	inventional	2
iqhxrb8qa012o28pwd7sbyddh	3930275	A	A43	A43D	A43D111/00	inventional	3
wpw2e2vycqudciid58xsv62yu	3930275	B	B29	B29C	B29C51/267	inventional	4
5q70xqzg6joiopqeuwivlzs8d	3930275	B	B29	B29C	B29C65/04	inventional	5
9kr5m8utoovshjbii3l3f6pbf	3930275	B	B29	B29C	B29C66/4722	inventional	6
v21p1gt2afqtvmmn6g125qp3d	3930275	B	B29	B29C	B29C66/8242	inventional	7
yvti954gp3n49yejphrhd6t4q	3930275	B	B29	B29C	B29C66/8322	inventional	8
mg8exiseu1sgk49430slh62su	3930275	B	B29	B29C	B29C66/71	additional	9
hsi4gn6skybhqogw5bgrvypwl	3930275	B	B29	B29C	B29C66/727	additional	10
0dfiqzzzqvagp2rcpinn0tmwh	3930275	B	B29	B29C	B29C66/73143	additional	11
kurbp2ckph1nukvbbtxtrbcn5	3930275	B	B29	B29C	B29C2793/00	additional	12
gay6r09e1x5ecoi2xjbnrzvnc	3930275	B	B29	B29K	B29K2027/06	additional	13
4lrk0tsg3zedh0qs3vyptnfq0	3930275	B	B29	B29K	B29K2105/04	additional	14
cj9wh8o2m5xxn6zwb98hhipvu	3930275	B	B29	B29L	B29L2031/50	additional	15
wog9spked95gg72bl77h0clfj	3930275	B	B29	B29C	B29C66/71	additional	16
qp62my1kasyzsi1eeyo2p3ra4	3930275	B	B29	B29K	B29K2077/00	additional	17
4nsmotwhbehceiukm7nuq5lxo	3930275	B	B29	B29C	B29C66/71	additional	18
61a43t4ce24jwj44f2pv2jfhu	3930275	B	B29	B29K	B29K2075/00	additional	19
004pivhvoyedl119i8ngsvicv	3930275	B	B29	B29C	B29C66/71	additional	20
giwqrtvgnsoiyp8t21h7jhvn5	3930275	B	B29	B29K	B29K2067/00	additional	21
x53qvvbpbfq17hh15o1zkmjls	3930275	B	B29	B29C	B29C66/71	additional	22
bumdrd1149o0d31hy1v72mui0	3930275	B	B29	B29K	B29K2027/06	additional	23
ix1jlquwk9ldnggh2b50e2uct	3930275	B	B29	B29C	B29C66/71	additional	24
wh5rcl2ap48g257ogc3frw8rw	3930275	B	B29	B29K	B29K2021/00	additional	25
pb2uiopyercrxw571bd0e677f	3930276	B	B60	B60S	B60S3/004	inventional	0
4ntnvk6ja4pc9q6vsq9pdou8c	3930276	B	B65	B65G	B65G19/02	inventional	1
hte3fa2tkt6d9bmz15wc5ui6g	3930276	Y	Y10	Y10S	Y10S15/02	additional	2
8w2p1jxafkumpvd4ksqeppd9w	3930277	E	E01	E01H	E01H1/0854	inventional	0
rskq97s90nsd2pa43h694bhhj	3930278	B	B44	B44D	B44D3/225	inventional	0
mfqqrr5ibif464mw08u9hlmvw	3930278	A	A46	A46B	A46B17/08	additional	1
aajgmun60tvi6c91hrmcagkxq	3930279	B	B60	B60S	B60S1/3801	inventional	0
bnjvqzcnluhlececqgr25dbaw	3930279	B	B60	B60S	B60S2001/382	additional	1
are9yzt1x4kcos0flqqwa9886	3930279	B	B60	B60S	B60S2001/3836	additional	2
zu916p3qq28ekpwqq1r8nugjg	3930280	A	A45	A45D	A45D40/265	inventional	0
3e8a3deom27fnwweqm464yx1u	3930280	A	A45	A45D	A45D34/046	inventional	1
0f0x0q9eqgj0izmgdwdkyodci	3930280	B	B65	B65D	B65D51/32	inventional	2
231i1wg8940qn64jsk1u6ltzp	3930280	A	A46	A46B	A46B2200/106	additional	3
g385zhk583rj0moqxbeo1u0rc	3930281	A	A47	A47L	A47L11/30	inventional	0
l612vgxkgkxctcx9sut1b3rao	3930282	A	A22	A22C	A22C21/06	inventional	0
7svkclx6unqqgs55rvth0mh14	3930282	A	A22	A22C	A22C21/0092	inventional	1
x9cw0ojx67w02ze569pwsa387	3930283	A	A22	A22C	A22C21/0092	inventional	0
bhhpsxlqut1b7zz7lfqd5laom	3930284	A	A22	A22B	A22B5/161	inventional	0
mdv5stp2nhtyzc8c01ixu7b70	3930285	D	D01	D01G	D01G21/00	inventional	0
h7j04hnn31d9daikt7ih15lf1	3930285	D	D01	D01G	D01G1/10	inventional	1
u6xeh5w2573xvz18o5x0vug0b	3930286	B	B65	B65D	B65D51/225	inventional	0
u34jhv2496kj5bysowvclgl74	3930286	B	B65	B65D	B65D75/525	inventional	1
5jljvt1fawkdyl2tr4l8pl2en	3930286	B	B65	B65D	B65D75/5877	inventional	2
7vfownocr6gvb2rsw5rshd59o	3930286	B	B67	B67B	B67B7/26	inventional	3
zln5tb0x7jf3t87nbv7mlyql1	3930286	B	B65	B65D	B65D2251/0015	additional	4
vpci70rmniggffq0kov4rp6vr	3930286	B	B65	B65D	B65D2251/0093	additional	5
aq7z9etpjz4q09w0f14evm0ze	3930287	B	B65	B65D	B65D63/16	inventional	0
7wfg8lhlgxdg5ytg2nb99dwru	3930287	A	A44	A44C	A44C5/0053	inventional	1
0nqg1nchjaz5fygs17bjstaks	3930287	Y	Y10	Y10T	Y10T24/1498	additional	2
xkl4eecheswkt6atkbh1h3q0z	3930288	F	F16	F16G	F16G11/14	inventional	0
6gqvej9qilcr0rxqawqxzloas	3930288	B	B66	B66C	B66C1/12	inventional	1
uy391kgacwf4fyiijmet5lixk	3930288	F	F16	F16G	F16G11/046	inventional	2
9jgla78rhejn01zrvi1aqvhcc	3930288	Y	Y10	Y10T	Y10T24/3916	additional	3
rz7zwbuw4d2uoczmd07a2jlc3	3930289	G	G10	G10G	G10G5/005	inventional	0
qbh0aothekkz000kxaq03hpdb	3930289	F	F16	F16G	F16G11/10	inventional	1
fgtok1mfo9jod8znggn7t0r1o	3930289	Y	Y10	Y10T	Y10T24/45634	additional	2
p24976ot5v11yo4iadefyjez1	3930289	Y	Y10	Y10T	Y10T24/4567	additional	3
fo43g9ehb0pzs8y4epfflmz98	3930290	B	B66	B66C	B66C1/36	inventional	0
c4rt5hdvudx86rtuu9nm0ty95	3930290	F	F16	F16B	F16B45/02	inventional	1
e87ty0z1n2ie6g96uhe105dos	3930290	Y	Y10	Y10T	Y10T24/45435	additional	2
d5oe5z90l1z3ry5m9plm20gc9	3930291	B	B65	B65H	B65H63/061	inventional	0
mkq2j9l98fl5hc6g5ss02i8wk	3930291	B	B65	B65H	B65H2701/31	additional	1
wk896nfvks411s1d7y7fh2n71	3930292	B	B65	B65H	B65H51/16	inventional	0
bvrx0bsajm9hoidcswpyr5vut	3930292	B	B65	B65H	B65H57/003	inventional	1
78lts7icgkxn5yvbj9pgdwir9	3930292	B	B65	B65H	B65H2701/31	additional	2
0zb42px1swi226xsno0vxxzt3	3930292	B	B65	B65H	B65H2701/38	additional	3
7cm0a07cnumbdw4nl6qzjwoq6	3930293	D	D06	D06B	D06B23/047	inventional	0
plevyxhulmet62u21vj088t95	3930293	Y	Y10	Y10T	Y10T29/49826	additional	1
dt8mhwwifa0zpbbtif50eytb9	3930294	B	B24	B24B	B24B39/045	inventional	0
2uguqtepezsxs0akebfzf25u8	3930294	B	B24	B24B	B24B39/023	inventional	1
ejdy1ylu872w4awlk64rizwll	3930294	Y	Y10	Y10T	Y10T29/47	additional	2
0tmtojkwu3gwfcya2zomhpf4o	3930295	H	H05	H05K	H05K13/046	inventional	0
9lnj1vlq6pxs193g3canucseo	3930295	Y	Y10	Y10S	Y10S269/903	additional	1
76m7djxhbcp0ec62r2zw2wszj	3930295	Y	Y10	Y10T	Y10T29/53261	additional	2
qozldi1adv8n1jh57tymupmoe	3930296	G	G03	G03B	G03B17/26	inventional	0
7gl2s30daiavvw5nmc55fvr3v	3930296	Y	Y10	Y10T	Y10T29/49829	additional	1
73bamff190upavyb2q5n0v8vs	3930296	Y	Y10	Y10T	Y10T29/5142	additional	2
x7g4f7u9s1z6h4vlgz3zycult	3930296	Y	Y10	Y10T	Y10T29/53048	additional	3
3obqeirs639ci0199qaya3wrz	3930296	Y	Y10	Y10T	Y10T29/53465	additional	4
9bi45vvozzgapatki6jpplklw	3930297	B	B25	B25B	B25B23/045	inventional	0
88wlho28tff29o68v2vnnm4u2	3930297	B	B25	B25C	B25C1/003	inventional	1
0btazrkhyrlp6nzgk9z728th3	3930297	Y	Y10	Y10T	Y10T29/49831	additional	2
1xpjlxsa91v4luhu9e6otwxv6	3930297	Y	Y10	Y10T	Y10T29/49833	additional	3
cae7oie8ayg0lljrjuw5iimg1	3930297	Y	Y10	Y10T	Y10T29/53487	additional	4
l7bowavlsmi42hbw913h5e7gu	3930297	Y	Y10	Y10T	Y10T29/53496	additional	5
nfaoaxxwp1w75lr6ji08tfm2c	3930297	Y	Y10	Y10T	Y10T29/53687	additional	6
7hdmdhygstj923t8nxqgvpw37	3930298	F	F16	F16L	F16L13/163	inventional	0
kvhc6959aoa0zxrwu9rr3lyf3	3930298	B	B21	B21D	B21D39/04	inventional	1
dypggzgvs9r0pcdheo5kbt15k	3930298	F	F16	F16L	F16L13/165	inventional	2
p6ht8avyv8at8qnwg2ezwuw6h	3930298	F	F16	F16L	F16L13/166	inventional	3
ww3kpk736oxqr0fut7vlofq2j	3930298	Y	Y10	Y10T	Y10T29/4994	additional	4
6v3392q4651orfw8jwpcqi0xh	3930299	B	B27	B27F	B27F7/155	inventional	0
wcz52j8xn8raxwcx3j9661kd3	3930299	Y	Y10	Y10T	Y10T29/49828	additional	1
tlhiuuqk4fxg88qu5h0oxt9mw	3930299	Y	Y10	Y10T	Y10T29/49833	additional	2
li37qo2wmv923u3iikazui76a	3930300	H	H01	H01L	H01L29/808	inventional	0
w4jk01yfaiubqgjarioz7mghv	3930300	H	H01	H01L	H01L21/00	inventional	1
ism7vvtpahwh5fgy9n5egdt6y	3930300	H	H01	H01L	H01L29/1066	inventional	2
cdyh1q0cirlk6yta286dole8q	3930300	Y	Y10	Y10S	Y10S148/051	additional	3
7vw7l30u1wakqywlc8tfe99v5	3930300	Y	Y10	Y10S	Y10S148/085	additional	4
i0os015mobblyj5m8rokughtk	3930301	B	B23	B23Q	B23Q11/0025	inventional	0
1vpkfprriuxfr1ilfjcpebavf	3930301	B	B23	B23Q	B23Q3/12	inventional	1
u6wlx34opqudhiwcv8nj0eq6c	3930301	B	B23	B23Q	B23Q3/157	inventional	2
gdknm8qaenx7t8junfk0v6im5	3930301	Y	Y10	Y10T	Y10T29/5107	additional	3
zdsdj4hckq61xibyqg1rt4h2w	3930301	Y	Y10	Y10T	Y10T409/309576	additional	4
6ck16ady6qnvt1dfep2at4dja	3930301	Y	Y10	Y10T	Y10T483/1738	additional	5
bnhv524sv631prxko3c1ljazh	3930301	Y	Y10	Y10T	Y10T483/179	additional	6
qtllcb18osl20wowl8sqizhgq	3930302	B	B23	B23Q	B23Q13/00	inventional	0
95r1o8z5beouv2eebl6xmcd5r	3930302	B	B23	B23Q	B23Q3/15526	inventional	1
pdt2jk6v9e0xkcdmy6u5yj5fy	3930302	Y	Y10	Y10T	Y10T483/115	additional	2
1ibpvnuoxljbbajikv72vc1lu	3930302	Y	Y10	Y10T	Y10T483/1767	additional	3
10m8o662kw4qt4ozbhim4gtph	3930303	H	H01	H01L	H01L35/34	inventional	0
009aicjqym6ccpsk1mt3puoyj	3930303	H	H01	H01L	H01L35/08	inventional	1
we974ajhafh431n2yohtd4r4f	3930304	H	H01	H01L	H01L27/0802	inventional	0
8ekqb0l9fxa0oguclxhr0dwtt	3930304	C	C08	C08L	C08L69/00	inventional	1
pn1ecspxz82l80vxq5osycjye	3930304	H	H01	H01L	H01L27/00	inventional	2
qq678sawx47hj2zw4kthkh15n	3930304	C	C08	C08L	C08L69/00	inventional	3
qv80t4bwmgjvy99ijqwfnmw6a	3930304	C	C08	C08L	C08L33/00	inventional	4
cihxny8rezwucz9simy2o4i3m	3930304	C	C08	C08L	C08L69/00	inventional	5
y7t0apjlq7tua7fvnbu90oxro	3930304	Y	Y10	Y10S	Y10S148/02	additional	6
ufzzwuxqnsgkbz8ys7igwzun7	3930304	Y	Y10	Y10S	Y10S148/055	additional	7
l9hl9exavdxfy7or6evk9u28e	3930304	C	C08	C08L	C08L2666/08	additional	8
h9mlpkqna4l2kycscpathxi4u	3930305	H	H01	H01L	H01L23/485	inventional	0
fzfum2qws6omwmra8lzjipsyx	3930305	H	H01	H01L	H01L21/00	inventional	1
al71022e2abj5zbahz80hj0mu	3930305	H	H01	H01L	H01L23/291	inventional	2
ugoiigfagk70irnkfrxoe36zq	3930305	H	H01	H01L	H01L29/00	inventional	3
r9h95wz57pliz1dqfegt663xk	3930305	H	H01	H01L	H01L2924/0002	additional	4
pplzq9ni21ri51ietu3rjffrk	3930305	H	H01	H01L	H01L2924/0002	additional	5
3a6jx8gclmyjek1aniov00ryf	3930305	H	H01	H01L	H01L2924/00	additional	6
8ayrzwsr4irorp1qhbfsrdawx	3930306	H	H01	H01L	H01L24/01	inventional	0
458uf9ohbaedvbefz8915w6ba	3930306	B	B23	B23K	B23K35/302	inventional	1
aawqkpb4b92pk63t2j2ecjc48	3930306	H	H01	H01L	H01L23/051	inventional	2
omqggan036mkcd46a93d1crnc	3930306	H	H01	H01L	H01L23/3157	inventional	3
qz9r1o0rw1dxq1br1ekhu6q0m	3930306	H	H01	H01L	H01L23/3171	inventional	4
7aw74ckzstkzmm9hu8ao9lnux	3930306	H	H01	H01L	H01L23/48	inventional	5
toohea5ha625wax2zcawi33q1	3930306	H	H01	H01L	H01L23/488	inventional	6
8pmrjgvw6h8pk42xig35f1p7k	3930306	H	H01	H01L	H01L23/4924	inventional	7
hym4lpmsylhtrxddts93ympzt	3930306	H	H01	H01L	H01L24/33	inventional	8
hfwm88uiry036ddal2vi9jjq7	3930306	H	H01	H01L	H01L24/83	inventional	9
byi0ohkkw6lof5md3yabcak6i	3930306	H	H01	H01L	H01L2224/8319	additional	10
zao5k3pwqabg4dh76214lthcc	3930306	H	H01	H01L	H01L2224/83801	additional	11
flifzzls18fo65ibnj6c8i8fv	3930306	H	H01	H01L	H01L2924/01005	additional	12
dhwymxevj1lqw4g234yq39xt8	3930306	H	H01	H01L	H01L2924/01006	additional	13
cq7pblh20ppmekgwmokva5xiz	3930306	H	H01	H01L	H01L2924/01013	additional	14
ie104vy3lsd5ni6b3asb9ebhc	3930306	H	H01	H01L	H01L2924/01015	additional	15
pqgkzrufjw2qcmtsgw211e1vg	3930306	H	H01	H01L	H01L2924/01018	additional	16
m083je5oixrs4x0ewy7ns7yua	3930306	H	H01	H01L	H01L2924/01019	additional	17
ypoimoqt45il4lejln8opygrs	3930306	H	H01	H01L	H01L2924/0102	additional	18
h59ieh7a3yge8hqnwgtg091km	3930306	H	H01	H01L	H01L2924/01023	additional	19
icxmw7nxcvcdban0v2f04op1q	3930306	H	H01	H01L	H01L2924/01029	additional	20
j8ublxsjx8l7rntylav2iez6g	3930306	H	H01	H01L	H01L2924/0103	additional	21
qi74o9ql4qgjwjtw0ahuykd1r	3930306	H	H01	H01L	H01L2924/01033	additional	22
dxidx9bjvomueoab9qbvc2hok	3930306	H	H01	H01L	H01L2924/01039	additional	23
5bnyc5x4iylxaiprgtdjluivq	3930306	H	H01	H01L	H01L2924/01042	additional	24
tlha3rvqjas0q6isgog6xywr4	3930306	H	H01	H01L	H01L2924/01044	additional	25
3m181vm9s76hlaqgwdjlh0tlp	3930306	H	H01	H01L	H01L2924/01047	additional	26
fhk291jf5dnsq9rjb7huvwimi	3930306	H	H01	H01L	H01L2924/01057	additional	27
g4inwt7kam5t3av7xm73rlby9	3930306	H	H01	H01L	H01L2924/01058	additional	28
e535d7q4cfiqyl97hq2i065s7	3930306	H	H01	H01L	H01L2924/01063	additional	29
tifmsvanlsgrir16sgrly1k1s	3930306	H	H01	H01L	H01L2924/01073	additional	30
4ekqylyn1t09z3ri8oe5mrncz	3930306	H	H01	H01L	H01L2924/01074	additional	31
hbv6g48r091nwr4sabarxosqq	3930306	H	H01	H01L	H01L2924/01075	additional	32
qidtvx2zwfwdf48v8lnj629if	3930306	H	H01	H01L	H01L2924/01079	additional	33
jify0sb2bbophnue3b2b2trnr	3930306	H	H01	H01L	H01L2924/01082	additional	34
djc7y1okt82lf94ncdp1dx9m5	3930306	H	H01	H01L	H01L2924/0132	additional	35
yzv42w7fhyur2lcwok708rksm	3930306	H	H01	H01L	H01L2924/01322	additional	36
okkyxzcm9rkz3lcdrn6hrtcip	3930306	H	H01	H01L	H01L2924/014	additional	37
mv5iwjd9cequbrqfh9r6ggi6o	3930306	H	H01	H01L	H01L2924/10253	additional	38
4zuyvyvg7yuxyiv60hkvcleh3	3930306	H	H01	H01L	H01L2924/13062	additional	39
pnwsw16ibumvss4pvxb771mo3	3930306	Y	Y10	Y10T	Y10T29/49169	additional	40
3vex8cnr3odnhvak2hb7vewh2	3930306	H	H01	H01L	H01L2924/0132	additional	41
qb79nvvfif5vl4d7r19h61zev	3930306	H	H01	H01L	H01L2924/01029	additional	42
45sxipnbnlw44y6xicq7hcx18	3930306	H	H01	H01L	H01L2924/01047	additional	43
y99rntpacb0yz03xuc617aksh	3930306	H	H01	H01L	H01L2924/10253	additional	44
snf2znjvr386q3wgy293uxncs	3930306	H	H01	H01L	H01L2924/00	additional	45
2q49dzulccy2141wnegwnag3r	3930306	H	H01	H01L	H01L2924/13062	additional	46
ko7vao03mf9t7gf2nci0yfvp5	3930306	H	H01	H01L	H01L2924/00	additional	47
nuvgsxzeoz7zzn6u9h6fbkel3	3930307	G	G01	G01R	G01R31/041	inventional	0
2uvcacgguuh1wmzr9wfqalpqp	3930307	H	H01	H01B	H01B13/012	inventional	1
t1ma3ezdlgkygtgyimlkf3v3s	3930307	Y	Y10	Y10T	Y10T29/49004	additional	2
i52rhye4m4fi3k9xpxjjefcac	3930307	Y	Y10	Y10T	Y10T29/53022	additional	3
fzritju4nlkd2sdjrcxg8ugxr	3930307	Y	Y10	Y10T	Y10T29/5303	additional	4
xkdv29if0ab6s2i2e6prdtamr	3930307	Y	Y10	Y10T	Y10T29/53243	additional	5
tpn3xr4ntskstnl9wc1uwu7dd	3930308	H	H01	H01R	H01R12/7082	inventional	0
r0ycoeca4wah0mo48s4q4uzf6	3930308	H	H01	H01R	H01R12/79	inventional	1
r3ihk0im0vqkt8kyy1k6nj17e	3930308	H	H01	H01R	H01R13/33	inventional	2
3akmsd7prql6s9ao0rbkx7xag	3930308	Y	Y10	Y10T	Y10T29/49213	additional	3
c8j22p8bktt42azgyjvpsz4l5	3930309	B	B26	B26B	B26B1/046	inventional	0
67uq1wn6rp0advvp00igg2sff	3930309	B	B26	B26B	B26B1/048	inventional	1
96b7f61edlukxjsertduerlu1	3930310	B	B23	B23D	B23D59/02	inventional	0
zclp83ne859pq4x2pl7mvl0ev	3930310	B	B27	B27B	B27B5/14	inventional	1
zsgwc6i7u1l7d72h9ssps4u58	3930311	A	A61	A61C	A61C7/141	inventional	0
khrhdznw6mv3wstgdr8gc6vpy	3930311	A	A61	A61C	A61C7/16	additional	1
x89rnb1quhyjaah5zgiupfrxr	3930312	A	A61	A61C	A61C11/02	inventional	0
fso7jzg0wawqwa692c8kgu0ly	3930313	B	B43	B43L	B43L13/02	inventional	0
4o0m5xtzefh9v6j4so2wcf4in	3930314	B	B43	B43L	B43L13/04	inventional	0
6ke7ybj08zcpygrsjzrxx9lpe	3930315	E	E04	E04F	E04F21/003	inventional	0
ucvdkdmdd3fdk2w3dbqf0od9j	3930315	B	B25	B25H	B25H7/00	inventional	1
knsanin08gpb5xrg8fwp3nra1	3930316	F	F41	F41G	F41G1/08	inventional	0
6r1qbjsieh22bq6amcaffatrm	3930316	F	F41	F41G	F41G1/17	inventional	1
682xz257erb5fj5rhji47xsif	3930317	G	G01	G01C	G01C25/005	inventional	0
zcyfzjkpqb6ijs315ln2nobt6	3930317	G	G01	G01C	G01C19/02	inventional	1
ul3os0bva2t2q3cw626s37xsy	3930318	B	B41	B41F	B41F23/0409	inventional	0
lbzhlooz7n97pfgagcc9grj34	3930319	D	D21	D21F	D21F5/18	inventional	0
fkvfc19chgzpm7lov3prju2w5	3930319	D	D21	D21F	D21F5/042	inventional	1
87lpmngcc6wv81joac3rb1z1c	3930319	F	F26	F26B	F26B13/145	inventional	2
hb5tk3gt50d30a73fjpmaovcr	3930319	F	F26	F26B	F26B21/004	inventional	3
9djbv4h4forr2si72ifm7358y	3930320	A	A45	A45D	A45D29/18	inventional	0
d7aqf530d3dk0lrntrboiel5n	3930321	G	G09	G09B	G09B3/06	inventional	0
v53k34n0qcre4g0zzx53qnspd	3930322	A	A43	A43B	A43B3/108	inventional	0
ppydqwtymowcg9ay3o1s4k9tp	3930323	E	E02	E02F	E02F3/655	inventional	0
b2epj45l6sks82bstwoms3rst	3930323	E	E02	E02F	E02F3/6454	inventional	1
z3e2aw7gv6osb50wxby9htn97	3930323	F	F16	F16H	F16H2007/0874	additional	2
ib8wp8unodt51dlz9rt0s4utq	3930324	E	E02	E02F	E02F3/8825	inventional	0
icb3rcmgoh0b3rn70si0wujzs	3930324	E	E02	E02F	E02F3/905	inventional	1
15ms0a6xce8coandbyxrdfv5p	3930324	E	E02	E02F	E02F3/907	inventional	2
it6d6cg8jl0ugrtth2i0pog2e	3930324	E	E02	E02F	E02F3/9231	inventional	3
kce57ffwz045803olfkwpm5f1	3930324	E	E02	E02F	E02F7/06	inventional	4
ycriibiq1z9tjkvxaut1fju0d	3930324	E	E02	E02F	E02F9/24	inventional	5
psjhr8h79q6e9apqsvbglonod	3930325	D	D06	D06F	D06F75/38	inventional	0
08lu3pq2b5lp4blx8zfmo011d	3930325	D	D06	D06F	D06F75/18	inventional	1
k93pttk6z45q4p73za3ib6hws	3930326	G	G09	G09D	G09D3/06	inventional	0
arwfxp1x69afudct3l45wo3q7	3930327	G	G09	G09F	G09F7/08	inventional	0
k3bjeunp0ge3jcklkz7jqk03r	3930328	A	A01	A01M	A01M31/06	inventional	0
op3qbmm9ehdeh999q02w28zvq	3930329	A	A01	A01K	A01K97/04	inventional	0
bebte7kc7xuu2xa3d88luoyz8	3930330	A	A01	A01K	A01K91/08	inventional	0
nh2xf1b7u5plrshxe9g0g55wj	3930330	Y	Y10	Y10T	Y10T24/3982	additional	1
yaax1qi60fz8uft6thlqx0x6o	3930331	A	A63	A63H	A63H33/00	inventional	0
0gsr0f6qw7unvbyygn0sbi3fx	3930331	A	A63	A63H	A63H3/02	inventional	1
ij5edpc2yd0tdvuujm084sqlc	3930332	A	A63	A63H	A63H27/12	inventional	0
0i44um546ttonivekwk8pq7xv	3930333	A	A63	A63H	A63H18/14	inventional	0
gzy7u3pc8pavy5jaxnlr0hemv	3930333	A	A63	A63H	A63H21/02	inventional	1
8ognl8oy37icgajogderc27zb	3930334	A	A01	A01G	A01G9/02	inventional	0
f5wir3mlltzhdc6nzs9rh78y7	3930334	A	A01	A01G	A01G31/06	inventional	1
ji7zy2krkp6657j0ijw6hcbgk	3930334	A	A47	A47G	A47G7/047	inventional	2
88i5d74ez28oco6xhfbpw7365	3930334	B	B05	B05B	B05B17/08	inventional	3
n5dp6vs0he7hvmpr8ga2f2sb6	3930334	B	B05	B05B	B05B17/085	inventional	4
ljlsxegn238svx9a6p1izucyl	3930334	F	F21	F21W	F21W2121/02	additional	5
7vw30gh80hcdfbzh5evhuuhnp	3930334	Y	Y02	Y02P	Y02P60/216	additional	6
81gmec3lo595tl3bmm8284hxc	3930335	A	A01	A01G	A01G7/045	inventional	0
yx56s6qzyqcv3ybgpty30b8wy	3930335	Y	Y02	Y02P	Y02P60/146	additional	1
ubguu3a0n90ga0p0zojxaeft1	3930335	Y	Y10	Y10S	Y10S47/06	additional	2
h75gmjf08hr7fjn6z3q10nh4u	3930336	E	E05	E05C	E05C17/04	inventional	0
rjes2t3lbb48915mpprpfhzcp	3930336	Y	Y10	Y10T	Y10T292/296	additional	1
g3pvs61phfk2xal6a3rtvjplr	3930336	Y	Y10	Y10T	Y10T292/305	additional	2
r02qf8ssrzlng5g4ylk18vfu1	3930337	E	E05	E05F	E05F11/382	inventional	0
b15cbl2ju7jqaensnxgv5te5u	3930337	E	E05	E05Y	E05Y2900/55	additional	1
fjn4tckrei7v8vodi1y3lzev8	3930338	E	E04	E04F	E04F19/08	inventional	0
omgy1789wf4d1isejhmlzwehf	3930338	E	E04	E04B	E04B9/003	inventional	1
naocf9w206ruituelbicobusi	3930339	E	E05	E05F	E05F11/385	inventional	0
4dpuzs8ncvjoqf4hozxjzohep	3930339	E	E05	E05F	E05F11/426	inventional	1
nb06q4onpxz85a1el1ltxfies	3930339	E	E05	E05Y	E05Y2900/55	additional	2
gvrxmvl5ftqfos28kf5qfcba2	3930340	B	B24	B24C	B24C7/00	inventional	0
met6a3burgzs86c0jdv9npg4b	3930341	B	B24	B24B	B24B27/0069	inventional	0
ufrpfsxvy60odcu7w7pbzkrmu	3930342	B	B24	B24B	B24B3/26	inventional	0
tb1cgxrsvdhoj420ef2ma7oke	3930343	B	B24	B24B	B24B37/102	inventional	0
mjyhsceaev7q4zzab63v1gvt9	3930344	E	E04	E04H	E04H15/64	inventional	0
la8l8n5l4k7eotix6ui5mwyyf	3930344	A	A01	A01G	A01G9/1415	inventional	1
hnlpeygwn1mtt04qr5ndmxbc1	3930344	A	A01	A01G	A01G9/16	inventional	2
vua82qzk357kvvjc41lhh4rwj	3930344	E	E04	E04B	E04B1/3205	inventional	3
v9ktf74mh4etecy3zvrf6oec6	3930344	E	E04	E04H	E04H15/20	inventional	4
je5j4oaax6mb19vpqz1i3xaor	3930344	E	E04	E04H	E04H15/36	inventional	5
i46bpehgr26uc5eayuzxtvvtb	3930344	E	E04	E04H	E04H15/648	inventional	6
8llkv246uxg7qzk27u0ayylax	3930344	E	E04	E04B	E04B2001/3241	additional	7
8l6dfu9kt62138l8tn02u0key	3930344	E	E04	E04B	E04B2001/3252	additional	8
2g7yovui3r6ds54rlvo4299yx	3930344	E	E04	E04H	E04H2015/203	additional	9
uctxlaarnmtpsz4fq5s2azbh6	3930345	B	B60	B60P	B60P7/0823	inventional	0
sy5er5nulk196zag6851gf5a7	3930345	E	E02	E02D	E02D27/50	inventional	1
bay1igqeaye6shdkznf5mzoe3	3930345	E	E04	E04B	E04B1/34347	inventional	2
1fqddgovtrf3cc66jx2oa2vg3	3930345	F	F16	F16F	F16F1/406	inventional	3
js8dz38sn2z7oeuyh6bmaggxr	3930346	E	E04	E04H	E04H4/0031	inventional	0
mkmudrc2iambayw1y784hh6rn	3930347	E	E04	E04F	E04F15/08	inventional	0
8ihggwgtoqnp9n5xw83z1iclm	3930347	E	E04	E04C	E04C2/525	inventional	1
koncgjlsgrra8bufyotaf18wu	3930347	E	E04	E04F	E04F13/14	inventional	2
ren2mvw5t183ec2fqi85jktim	3930347	E	E04	E04F	E04F13/141	inventional	3
3or5h7w8gzupyat5i2cs7i28c	3930348	E	E04	E04C	E04C5/0627	inventional	0
wszaybu38bi007mfyecu95y4u	3930348	E	E04	E04B	E04B5/38	inventional	1
ri0q6g0jf62aw24381c5o1hly	3930349	B	B21	B21F	B21F27/20	inventional	0
2gas6ihvsre3eryj1ve2nahk2	3930349	E	E04	E04C	E04C5/065	inventional	1
jybuvwlu7sktbyljiavqlrib9	3930350	B	B65	B65B	B65B31/021	inventional	0
boiflybovwmz0evnjzla86ujv	3930350	B	B65	B65B	B65B9/06	inventional	1
2opia7aefcpwb2wh0t8qnadjf	3930351	B	B65	B65B	B65B5/101	inventional	0
8q0x75q0whezt3gxr2qvm8y82	3930351	B	B65	B65H	B65H67/064	inventional	1
dm1tvlztotkmbvyq2g2pn9dho	3930351	B	B65	B65H	B65H2701/31	additional	2
9klw7q9cnjfm0q8qj116bxmp9	3930351	Y	Y10	Y10S	Y10S414/104	additional	3
6apx338wq2egdbm4ze00clnwp	3930352	B	B65	B65B	B65B57/04	inventional	0
96zqgol1q3zdx0vcwftn4ezvm	3930352	B	B65	B65B	B65B25/16	inventional	1
u8jw6aa0kxt95kcgv4mav28rq	3930352	B	B65	B65B	B65B43/34	inventional	2
bvu0rt4e5z30z5k3rnad86ptc	3930353	B	B65	B65B	B65B7/2878	inventional	0
hmktb071gy2xgqvq9i3wdjw2y	3930354	A	A01	A01D	A01D43/082	inventional	0
cy8bo9s7516xspaqfnway3909	3930355	A	A01	A01D	A01D45/00	inventional	0
oaedpnhcnyk6mpvr7gil4r30c	3930355	A	A01	A01D	A01D51/00	inventional	1
2h16412wfulygg6xn9rfue3b0	3930356	D	D01	D01H	D01H4/08	inventional	0
xg3onnb5arhu7tgadbpcl0w52	3930357	D	D01	D01H	D01H1/02	inventional	0
dcv9838r8688guxdb6cqhtu6o	3930358	G	G04	G04C	G04C21/18	inventional	0
w675hmixyvrpi6ls1g42t1s6q	3930359	G	G04	G04C	G04C23/16	inventional	0
9sl1wkk43c1juvc24cj0vsdfv	3930359	G	G04	G04F	G04F3/08	inventional	1
hjdy81ca304ldvhftytptry7h	3930360	G	G04	G04C	G04C21/18	inventional	0
hzgnzopwoeyjyd5vfpuktghg6	3930361	G	G04	G04B	G04B11/003	inventional	0
3be2d8k8mhc0h2idbp4v06xgl	3930361	G	G04	G04B	G04B13/023	inventional	1
txi9208jenqu8iduszvivfafb	3930362	G	G04	G04B	G04B27/00	inventional	0
lstmuitcznbv3oonzmg9ggcvx	3930362	G	G04	G04B	G04B19/02	inventional	1
m33odgzoqcsa18q4kaqex3gfc	3930363	G	G04	G04F	G04F1/005	inventional	0
goqk17zijvnougilfig1r30o9	3930363	G	G07	G07F	G07F17/246	inventional	1
cxfsf1wkzdt9lninz51dtg02r	3930364	A	A44	A44C	A44C5/107	inventional	0
82tyjlh0sx1cqa1xde81osk5g	3930365	F	F02	F02C	F02C7/26	inventional	0
4b3rou1uiljfo3fxwu1bebewp	3930366	F	F02	F02C	F02C9/42	inventional	0
gtuv99qwznbtv4dqe0epjm5t2	3930367	F	F01	F01K	F01K13/02	inventional	0
m2zx3u3pc6zx66bk134fb7v5r	3930367	F	F01	F01K	F01K23/105	inventional	1
wau0pk0gr1c98w3wirukk7t46	3930368	F	F23	F23R	F23R3/30	inventional	0
ukljno73pcnpw77h9kaaab6mq	3930368	F	F23	F23R	F23R3/26	inventional	1
za7n58lk4282vylj48swfse2d	3930369	F	F23	F23R	F23R3/30	inventional	0
y34iz9ikqbq8wckxdwoqunnpj	3930369	F	F23	F23R	F23R3/26	inventional	1
wtnhuzg6qmu1puxdfdyb31b22	3930370	F	F23	F23R	F23R3/20	inventional	0
lohhpuvycldgtm92gtlkm4yzl	3930370	F	F02	F02K	F02K3/10	inventional	1
5pidyt7iiwmz7xpforauhkl28	3930371	F	F22	F22B	F22B1/025	inventional	0
kgoj1qcimz5txyow90uyyz89s	3930371	G	G21	G21D	G21D5/08	inventional	1
2kiqm7s9nt57f4q6ohvvwhdus	3930372	E	E02	E02D	E02D31/10	inventional	0
6hieebwxit9d78ewzd7kv9zdo	3930372	E	E02	E02D	E02D29/12	inventional	1
32i5j3mzg69rszr81iwcfcyto	3930373	E	E02	E02D	E02D5/30	inventional	0
m7zlkgj1ag8p019erpdrpck1p	3930373	B	B28	B28B	B28B23/18	inventional	1
bdtupjimnxbqaui4kclgi6ey6	3930373	E	E02	E02D	E02D5/523	inventional	2
0s8bkjy38a6ov7ljqx2tz83re	3930373	Y	Y10	Y10T	Y10T403/581	additional	3
m0r9bzdik5o9a1ncad44zhuj3	3930374	E	E02	E02B	E02B17/00	inventional	0
rfze9wphe5zeqjh6wy0tc1gex	3930375	F	F17	F17C	F17C3/10	inventional	0
qlw69fj576vz34xks4esk7fyb	3930375	F	F17	F17C	F17C2201/0109	additional	1
ytm18gor883pw07nafrrj5g6k	3930375	F	F17	F17C	F17C2203/03	additional	2
ucd80nt0dytul8brlmcmksw4c	3930375	F	F17	F17C	F17C2203/0337	additional	3
1hno9tkmn0tun7hm0yla4tmc7	3930375	F	F17	F17C	F17C2203/0341	additional	4
b3wgo44bcij4z09mk5g2juf25	3930375	F	F17	F17C	F17C2203/0629	additional	5
iezrtnvvl0vts8mk5mjqozv88	3930375	F	F17	F17C	F17C2203/0636	additional	6
owafar39b1a8ahbw5cw6dlfzk	3930375	F	F17	F17C	F17C2203/0646	additional	7
to2cnxm9jhdyc659iqj5s79m7	3930375	F	F17	F17C	F17C2205/018	additional	8
shp2h5g86hm4ljt6axsiqygzj	3930375	F	F17	F17C	F17C2223/0161	additional	9
h4tzeqyunvyo716e4bp36t9qz	3930375	Y	Y02	Y02E	Y02E60/321	additional	10
abtti1xlnm66h2r12n1ybc49m	3930375	Y	Y10	Y10S	Y10S220/901	additional	11
omu89e70pb6bobmhc6obeixmt	3930376	F	F25	F25C	F25C1/243	inventional	0
ntkb6hc2yp5a6t65iwwq14xkl	3930377	F	F25	F25C	F25C5/002	inventional	0
72r7te0p53jg1z25dyidx0d7p	3930378	F	F16	F16D	F16D3/202	inventional	0
vialu84apwp09s3ckhkz9clz4	3930378	F	F16	F16D	F16D3/221	inventional	1
tcvl6btmm369j7b6ca2gefjjf	3930379	F	F16	F16D	F16D3/72	inventional	0
wiq3qr0s8izy2xuwt7u4lqjez	3930379	B	B63	B63H	B63H23/30	inventional	1
txy37taopwqyfb5k84ex5hgwh	3930380	F	F16	F16D	F16D3/72	inventional	0
ulb2urw3plnfop1cat0l8rcwq	3930380	F	F25	F25C	F25C5/00	inventional	1
8oe82g96bakiikb9tuu2ab75o	3930380	Y	Y10	Y10S	Y10S464/901	additional	2
snhemy55z6cfsmkk3806nj4df	3930380	Y	Y10	Y10T	Y10T403/459	additional	3
6ndainupilyu391sr91y39bjx	3930381	F	F16	F16D	F16D3/40	inventional	0
41ifp9cf1v85oqkgg7hx0yucb	3930382	F	F16	F16D	F16D7/08	inventional	0
0p5lpgiufh43426h8xvtsa7ag	3930383	D	D04	D04B	D04B15/68	inventional	0
2bqcoq2ssv7pk7d2ybh93thf7	3930384	D	D04	D04B	D04B15/32	inventional	0
00n76m877zq6h5fdcngzbd1fn	3930384	D	D04	D04B	D04B35/06	inventional	1
bsvazkydak3awjh30e5xs4k4f	3930385	D	D04	D04B	D04B15/40	inventional	0
gso8gk2y4dqdn28mexswbp56k	3930386	D	D04	D04B	D04B9/34	inventional	0
a3mb3z26w8tlxj1eztevbssi5	3930386	D	D04	D04B	D04B15/60	inventional	1
1surui9z1jyovwlkx9uf7c75q	3930387	D	D04	D04B	D04B1/14	inventional	0
u4vfpayyxyfksor3g7m1yj08z	3930387	D	D04	D04B	D04B1/123	inventional	1
3hbeth7z216zm9ivd8ikx4rfb	3930387	D	D10	D10B	D10B2403/0243	additional	2
h84tv7alcqc6d82kval0eif36	3930387	D	D10	D10B	D10B2501/06	additional	3
is8uvcxtzorn42ye94r4hr1bt	3930388	B	B60	B60K	B60K15/05	inventional	0
ophhxxkfjij967smbde1lvqn7	3930388	B	B60	B60K	B60K2015/0445	additional	1
wqiwqzo56z9103pnwjf956gn8	3930388	Y	Y10	Y10T	Y10T70/5544	additional	2
lmcuo1vdonobv1c0oo895axmt	3930389	E	E05	E05B	E05B73/00	inventional	0
btz75byfrklsxtvqnje1jmgqt	3930389	Y	Y10	Y10T	Y10T70/5009	additional	1
qy14r4ukur2j23ov13hnz94sb	3930389	Y	Y10	Y10T	Y10T70/5566	additional	2
olf8ek7dzwlck1ueka85tay3a	3930389	Y	Y10	Y10T	Y10T70/5858	additional	3
u7xmxtasaq0c6t7o90b2wzjjc	3930389	Y	Y10	Y10T	Y10T137/7069	additional	4
r16uy2wwr0vzi4rxvld6g27pz	3930390	E	E05	E05B	E05B63/0056	inventional	0
tq647akpp9wid27f28yf43wcw	3930390	E	E05	E05C	E05C9/08	inventional	1
r9q6ij1hfwmrok33ftudjf31z	3930390	Y	Y10	Y10T	Y10T70/5832	additional	2
1pt19bc608yhp6nzwkci8dkmo	3930390	Y	Y10	Y10T	Y10T70/7655	additional	3
jvzdbc2pnc5d6kwryyp9u7wd9	3930390	Y	Y10	Y10T	Y10T70/7661	additional	4
wpbol57wjf7tz7z4vcvnjs83c	3930390	Y	Y10	Y10T	Y10T70/8541	additional	5
gpl6tput529pz6fyyd5wcrlit	3930391	E	E05	E05B	E05B17/185	inventional	0
s2f4uz72efbckkpbnwzc9yuzp	3930391	Y	Y10	Y10T	Y10T70/8649	additional	1
g3soif96nad2dowz2djooqmbb	3930392	B	B21	B21D	B21D3/16	inventional	0
wr2h5ihluxqh6gn4s3svpoa77	3930393	H	H01	H01R	H01R43/0425	inventional	0
aalcx58lerdhlfxlv130zyqic	3930393	Y	Y10	Y10T	Y10T29/53235	additional	1
rw87ffchoym60sifh587tmk08	3930394	B	B21	B21C	B21C45/00	inventional	0
aoty6550geiuosprc0eqf73ni	3930395	B	B21	B21B	B21B1/18	inventional	0
2f4d1ggs0lywn2y8mk9yn6wsv	3930395	B	B21	B21B	B21B1/20	additional	1
33mw58s29fwdao5rdtdapxdqg	3930396	B	B21	B21D	B21D24/16	inventional	0
pjyeb3pirkhks7gg2z4g55xuh	3930396	B	B21	B21D	B21D22/20	inventional	1
w9zdoyzb50qli59cldpzb1lf1	3930396	B	B21	B21D	B21D22/28	inventional	2
eku170g9n0uh9kolobh5mmnxk	3930397	G	G01	G01N	G01N25/50	inventional	0
buh4kakjnnh5487707tdxngeu	3930398	G	G01	G01N	G01N25/68	inventional	0
ufdel934m8plaqrbcm8dw7z8e	3930399	G	G01	G01N	G01N11/00	inventional	0
uwo9o4wey2s33iu2hkvmkcnk8	3930400	G	G01	G01M	G01M3/3227	inventional	0
w4dyp76bwn6xbkefbuhn5gjj3	3930401	G	G01	G01M	G01M3/34	inventional	0
fx0xc8b51lfw35gaom9umuzhh	3930402	G	G01	G01N	G01N11/08	inventional	0
j0t9wyszmcxrjrae62zimeqg2	3930403	G	G01	G01N	G01N11/04	inventional	0
je983cuebgc0n3f2lueo5h9xf	3930404	G	G01	G01B	G01B17/02	inventional	0
sak6e5ridnhhlahalhp5e1000	3930405	G	G01	G01L	G01L1/255	inventional	0
a8vw4p6sf5814dd7xmkyqcq0e	3930405	G	G01	G01H	G01H11/06	inventional	1
rh5j5w7kbeeofh90exs62z7aj	3930405	G	G01	G01N	G01N29/14	inventional	2
5ofyx87nzez5mlmw604epk2hc	3930405	G	G01	G01N	G01N2291/02827	additional	3
ac08z46v2t34mfgj1wuvsd4yf	3930406	A	A24	A24C	A24C5/3418	inventional	0
g3yv5qfpdcnos1a2luf8fu8lb	3930406	A	A24	A24C	A24C5/3412	inventional	1
6lm5hvngfbpuy810y0sk07d36	3930406	A	A24	A24C	A24C5/343	inventional	2
vh20tnc26anbzs3ir4a6k30ij	3930406	B	B65	B65B	B65B19/30	inventional	3
wfje95iwbnp8ujpmc121dflnp	3930406	G	G01	G01N	G01N3/42	inventional	4
i3afmrjjdbuv287ihw69esbba	3930407	G	G01	G01N	G01N21/91	inventional	0
6anrag1pbv4gkkyfz44zqzka0	3930407	C	C09	C09D	C09D5/22	inventional	1
zsu31ly5w7wus1ob7jzx8i7rg	3930407	Y	Y10	Y10S	Y10S252/96	additional	2
2t2qylqsd8hdrfy57hu8k1n7u	3930408	G	G01	G01F	G01F9/026	inventional	0
hb6uud97o09k6bb6gbgwhtgxw	3930409	G	G01	G01M	G01M17/0072	inventional	0
yjfr9lzfr321d70jfozitxo05	3930409	G	G01	G01L	G01L3/242	inventional	1
nygy62lv21th0evfl85vzuqty	3930410	G	G01	G01M	G01M9/08	inventional	0
xt2lrzdoxi4uj49c5y3n4d5xc	3930410	G	G01	G01M	G01M9/06	inventional	1
8w5qd7ix8myomkoy56nkjsdc6	3930411	F	F17	F17C	F17C13/028	inventional	0
uqi4ynkekf5ne2nri5ti637ly	3930411	G	G01	G01F	G01F1/00	inventional	1
t8hc029ghopzueqsyaeg43kf6	3930411	G	G01	G01F	G01F13/006	inventional	2
2thm487xqxbtq22ik0938he2r	3930411	F	F17	F17C	F17C2203/0391	additional	3
7vpd2fin41pch5cg3bsi1w97d	3930411	F	F17	F17C	F17C2203/0629	additional	4
0zxdy6rhyxnbuz7m47y8and0g	3930411	F	F17	F17C	F17C2205/0326	additional	5
5x5afvpa9h817vq613hsh2yd8	3930411	F	F17	F17C	F17C2205/0332	additional	6
259xdhfj04ixgp9io90dwkkqj	3930411	F	F17	F17C	F17C2205/0391	additional	7
eaivoxdm4mcscln5c50eqsaa9	3930411	F	F17	F17C	F17C2221/033	additional	8
r0rlo6ljhq6eduyyhlr4wdhmr	3930411	F	F17	F17C	F17C2223/0161	additional	9
hyzvj6jy4wh1s2fbai2m8r1mx	3930411	F	F17	F17C	F17C2223/033	additional	10
1df1lfcuduys93byhl7i2k98d	3930411	F	F17	F17C	F17C2223/047	additional	11
jyoo77g0lpsbxmed40w4mft9e	3930411	F	F17	F17C	F17C2250/0417	additional	12
uak5qfnngbr5ur26pr1f3mnjc	3930411	F	F17	F17C	F17C2250/0443	additional	13
9az46z6gcopggll3l19ffrc98	3930411	F	F17	F17C	F17C2250/0473	additional	14
878exwgw8tqxhir651nc5kliu	3930411	F	F17	F17C	F17C2250/0491	additional	15
35bmjuazymq27ql3zhg3r2sjg	3930411	F	F17	F17C	F17C2250/061	additional	16
psr828eoui1tqr6342yangyoy	3930411	F	F17	F17C	F17C2250/0636	additional	17
7xlymfy01yahhuztvkpycvmy0	3930411	F	F17	F17C	F17C2250/072	additional	18
9g75t9p90rjclhrjw5cfeln24	3930412	G	G01	G01L	G01L15/00	inventional	0
4gtm2zoifxp3ovpvfoqse16p1	3930412	G	G01	G01L	G01L9/0054	inventional	1
quwcn16wneovsh7xqnnuwwtzk	3930412	G	G01	G01L	G01L19/0015	inventional	2
2bav4g1esj5txffdqvpvlwchf	3930412	G	G01	G01L	G01L19/0038	inventional	3
mtdlmhbt29ce90bsyjikdpiif	3930413	B	B01	B01L	B01L3/50825	inventional	0
w2qiozbj3cjfajw5btkmcr8o6	3930413	G	G01	G01N	G01N1/10	inventional	1
w2ak30oige63w7fmianzwyltg	3930413	Y	Y10	Y10T	Y10T137/612	additional	2
mgbvb6md720xyfab8yslz86a2	3930414	G	G01	G01N	G01N1/2035	inventional	0
49dl1xfhvp1vwk0pfqmyp22b5	3930415	F	F16	F16H	F16H35/02	inventional	0
fkxgxvjc41yzlmuk2ljc093bg	3930415	F	F16	F16H	F16H25/22	inventional	1
ta3m9br6m3m56ohb9e7erz01f	3930415	F	F16	F16H	F16H37/124	inventional	2
f78wetdj4w2c5ey3sv0klrb10	3930415	F	F16	F16H	F16H2035/003	additional	3
nt8bbnrimprkpor7qikujocru	3930415	Y	Y10	Y10T	Y10T74/18056	additional	4
dugn4wl5f1etzmtxmfkkndnl8	3930415	Y	Y10	Y10T	Y10T74/18528	additional	5
36k1hioxsef0p45us825rq4ur	3930415	Y	Y10	Y10T	Y10T74/19884	additional	6
jwao3131h9ykqde5jezob9n2k	3930416	F	F16	F16H	F16H29/02	inventional	0
sa84o88iwb13qnwghef7817ic	3930416	Y	Y10	Y10T	Y10T74/1508	additional	1
ijwj0io2zu2sb9zfzn6v8t1ng	3930416	Y	Y10	Y10T	Y10T74/1524	additional	2
mubereggc6nze6gdu5p2k3rco	3930417	F	F16	F16G	F16G1/14	inventional	0
daanmonelxqkj0wvxkfg6fgxr	3930417	B	B29	B29D	B29D29/10	inventional	1
gnulva4crzrhuxj4t7umq97kt	3930417	F	F16	F16G	F16G1/28	inventional	2
74e98qvzpu1p1iqzw0hnpxglj	3930417	F	F16	F16G	F16G5/14	inventional	3
qk2u14dlq29tar4bs8gs89xsu	3930418	F	F16	F16G	F16G5/08	inventional	0
n0oxpq16vrnhv3et2slb8icfe	3930419	F	F16	F16C	F16C1/26	inventional	0
fxu7l35j5g3v0v3y756dojdlo	3930419	F	F16	F16C	F16C33/20	inventional	1
crxtnunuh6d3yywcfrpvv251t	3930419	Y	Y10	Y10S	Y10S138/07	additional	2
uep32w916y3ovt9vtiovni7wn	3930419	Y	Y10	Y10T	Y10T74/20456	additional	3
i3m6y57zmzjk07l7c4h20jjwj	3930419	Y	Y10	Y10T	Y10T428/2933	additional	4
1y9k8p652tfigeijnpfb0xj8n	3930420	B	B62	B62D	B62D1/11	inventional	0
adfccpuuijswbrn7mtux634ls	3930420	B	B60	B60R	B60R21/05	inventional	1
4wlowd8jp009m8lh2gz3mlrn5	3930420	Y	Y10	Y10T	Y10T74/20834	additional	2
f728lncw4qzvw699b0thy4653	3930420	Y	Y10	Y10T	Y10T74/20876	additional	3
zk9lt1w005m2nirxlnwwphykl	3930421	F	F16	F16H	F16H57/037	inventional	0
2f412kj247ffsl5y8qciebnba	3930421	F	F16	F16H	F16H57/031	inventional	1
d7rw33x6vaqqha0harkyxv19k	3930421	F	F16	F16H	F16H2057/02043	additional	2
ur2oc4d5d6jkwoh632y7mj8rp	3930421	Y	Y10	Y10T	Y10T74/2188	additional	3
2hssuavhfiyn6rd68r46lui41	3930422	F	F16	F16D	F16D15/00	inventional	0
790dum2g67aprrxu4hw4ubjjm	3930422	F	F16	F16H	F16H37/00	inventional	1
0t0prjhsar6850xmux5dqyyqt	3930422	F	F16	F16H	F16H2700/02	additional	2
yvq4jvrrxnxwpb1ji28flewqr	3930422	Y	Y10	Y10T	Y10T74/19028	additional	3
9zkzuicwu6gxl8i9tjlv8hnx7	3930423	F	F16	F16N	F16N19/006	inventional	0
w70li2900ch4eyrrre83z326c	3930423	Y	Y10	Y10T	Y10T137/7287	additional	1
4sjes41turnuvbiiuu2n03cs6	3930423	Y	Y10	Y10T	Y10T137/7371	additional	2
13lttcquig4xhkbb6av2schro	3930424	F	F16	F16H	F16H48/22	inventional	0
kpkl0bx4gl2aohi6msql9s11i	3930424	F	F16	F16H	F16H48/08	inventional	1
19stv1fra5w22979q23bqhkxv	3930424	F	F16	F16H	F16H48/40	additional	2
fota9ghnmstz2rv9n49zwzx53	3930424	F	F16	F16H	F16H2048/201	additional	3
eduel7koerwybkf7r098t2ow9	3930425	B	B21	B21H	B21H3/06	inventional	0
afq84spikdo4l0xd6dsddr63m	3930426	B	B23	B23D	B23D65/00	inventional	0
4501jvbmi3is0hc16mknx5mvi	3930426	B	B22	B22D	B22D23/10	inventional	1
ftxcb46k7f6toayzg82sqtgrk	3930426	Y	Y10	Y10S	Y10S428/932	additional	2
1l8opszq9yts5ymk9ra9ols2v	3930426	Y	Y10	Y10T	Y10T428/12965	additional	3
q0ce68epcfwtpr7do6dcpj2hm	3930427	G	G04	G04D	G04D1/10	inventional	0
xho1ksn9z2qyjckldc3uische	3930428	F	F16	F16B	F16B23/0061	inventional	0
v9gny1q5izqc6x4v58k7ayvbn	3930428	B	B25	B25B	B25B13/485	inventional	1
ys1vx6xz84274wvzvmpph2euc	3930428	Y	Y10	Y10S	Y10S411/91	additional	2
p1g777d1h7oq7ovo7zqb171xh	3930429	G	G10	G10H	G10H7/00	inventional	0
iw4noonm06wvstipflritpqvm	3930429	G	G10	G10H	G10H1/057	inventional	1
vdqpit9e8jev7sit5vac46amh	3930430	G	G10	G10H	G10H1/14	inventional	0
piw13nvg97sbzwp640dem81ul	3930430	G	G10	G10H	G10H1/02	inventional	1
bi5zw4zkoib5umqdxqmvmxepk	3930430	G	G10	G10H	G10H1/06	inventional	2
